,text
0,"January 1, 2022 – The Regional Comprehensive Economic Partnership, the largest free trade area in the world, comes into effect for Australia, Brunei, Cambodia, China, Indonesia, Japan, South Korea, Laos, Malaysia, Myanmar, New Zealand, the Philippines, Singapore, Thailand, and Vietnam."
1,"January 2, 2022 – Abdalla Hamdok resigns as Prime Minister of Sudan amid deadly protests."
2,"January 4, 2022 – The five permanent members of the UN Security Council—China, France, Russia, the United Kingdom and the United States—issue a rare joint statement affirming that ""a nuclear war cannot be won and must never be fought."""
3,"January 5, 2022 – A nationwide state of emergency is declared in Kazakhstan in response to the 2022 Kazakh unrest. The cabinet of prime minister Askar Mamin resigns, while president Kassym-Jomart Tokayev removes former president Nursultan Nazarbayev, widely regarded as being the real power in the country, from his position as Chairman of the Security Council of Kazakhstan."
4,"January 6, 2022 – The CSTO deploys a ""peacekeeping"" mission in Kazakhstan, including Russian paratroopers, following a request by Kazakh president Tokayev."
5,"January 7, 2022 – COVID-19 pandemic: The number of COVID-19 cases exceeds 300 million worldwide."
6,"January 9, 2022 – February 6 – The 2021 Africa Cup of Nations is held in Cameroon, with Senegal winning their first championship."
7,"January 10, 2022 – The first successful heart transplant from a pig to a human patient occurs in Baltimore, Maryland, United States."
8,"January 15, 2022 – A large eruption of Hunga Tonga–Hunga Ha'apai, a submarine volcano in Tonga, triggers tsunami warnings in Australia, Canada, Chile, Fiji, Japan, New Zealand, Samoa, and the United States."
9,"January 16, 2022 – World No. 1 tennis champion Novak Djokovic is deported from Australia following a high-profile legal case regarding his COVID-19 vaccination status, preventing his participation in the 2022 Australian Open."
10,"January 23, 2022 – Tropical Storm Ana kills 115 people in Madagascar, Malawi and Mozambique, days after a series of floods killed 11 people in Madagascar."
11,"January 23, 2022 – A coup d'état in Burkina Faso removes president Roch Kaboré from power. The Burkinabé military cites the government's failure to contain activities of Islamist militants within the country as a reason for the coup."
12,"January 24, 2022 – The federal government under Scott Morrison announces that, after more than three years of confidential negotiations, copyright ownership of the Australian Aboriginal Flag has been transferred to the Commonwealth."
13,"January 28, 2022 – COVID-19 pandemic: The number of vaccinations administered worldwide exceeds 10 billion."
14,"February 3, 2022 – Islamic State leader Abu Ibrahim al-Hashimi al-Qurashi is killed in Atme during a counter-terrorism raid by U.S. special forces in north-western Syria."
15,"February 4, 2022 – China and Russia issue a joint statement opposing further NATO expansion, expressing ""serious concerns"" about the AUKUS security pact, and pledging to cooperate with each other on a range of issues."
16,"February 4, 2022 – February 20 – The 2022 Winter Olympics are held in Beijing, China, making it the first city ever to host both the Summer Olympics and Winter Olympics."
17,"February 5, 2022 – Cyclone Batsirai kills a total of 123 people across Madagascar, Mauritius, and Réunion two weeks after Tropical Storm Ana killed 115 people in the same region."
18,"February 6, 2022 – Queen Elizabeth II celebrates her ""Platinum Jubilee"", marking 70 years as Queen of the United Kingdom."
19,"February 9, 2022 – The biggest breakthrough in fusion energy since 1997 is reported at the Joint European Torus in Oxford, the UK, with 59 megajoules produced over five seconds (11 megawatts of power), more than double the previous record."
20,"February 21, 2022 – February 24 – Russian President Vladimir Putin signs a decree declaring the Luhansk People's Republic and Donetsk People's Republic as independent from Ukraine, and, despite international condemnation and sanctions, begins a full-scale invasion of Ukraine; at dawn on 24 February missiles strike Kyiv. Ukraine severs diplomatic relations with Russia, followed by the Federated States of Micronesia on 25 February."
21,"February 26, 2022 – Russian invasion of Ukraine: The EU, US, and their allies commit to removing Russian banks from the SWIFT payment system, as well as imposing measures on the Russian Central Bank and further restrictions on Russian elites. These and other sanctions fuel a financial crisis in Russia."
22,"February 27, 2022 – Russian invasion of Ukraine: Putin orders Russia's nuclear deterrent forces to be on ""special alert"", their highest level, in response to what he calls ""aggressive statements"" by NATO. The move is condemned by the US."
23,"February 27, 2022 – Russian invasion of Ukraine: European nations ban Russian flights in their airspace."
24,"February 27, 2022 – In a constitutional referendum, Belarus votes to revoke its non-nuclear status and to allow the country to host Russian forces permanently."
25,"February 28, 2022 – The Intergovernmental Panel on Climate Change (IPCC) releases the second part of its Sixth Assessment Report on climate change. It concludes that many impacts are on the verge of becoming ""irreversible""."
26,"February 28, 2022 – Russian invasion of Ukraine: Russian and Ukrainian officials meet on the Belarus-Ukraine border for the first round of peace talks, with no resolution."
27,"February 28, 2022 – Russian invasion of Ukraine: Football governing bodies FIFA and UEFA suspend Russian clubs and national teams from all competitions."
28,"February 28, 2022 – 2022 Russian financial crisis: In an unprecedented move, Switzerland, Monaco, Singapore and South Korea impose unilateral sanctions over Russia including the introduction of export controls and asset freezes."
29,"March 1, 2022 – Russian invasion of Ukraine: World Athletics bans both Russia and Belarus from competing in all of its events."
30,"March 1, 2022 – Russian invasion of Ukraine: In an emergency session, United Nations member states pass a resolution deploring Russia's invasion of Ukraine and calling for the immediate withdrawal of its forces."
31,"March 2, 2022 – Russian invasion of Ukraine: Russia captures its first large city, the Black Sea port of Kherson, as shelling intensifies across many parts of Ukraine, including civilian areas."
32,"March 2, 2022 – Russian invasion of Ukraine: The United Nations reports that over a million refugees have now fled from Ukraine to other countries."
33,"March 2, 2022 – The International Criminal Court begins an investigation into possible war crimes committed by Russia in Ukraine."
34,"March 3, 2022 – The National Assembly of Armenia elects incumbent minister of High-Tech Industry and former mayor of Yerevan, Vahagn Khachaturyan, as president of Armenia following the resignation of Armen Sarkissian."
35,"March 4, 2022 – March 13 – The 2022 Winter Paralympics are held in Beijing, China, making it the first city to host both Summer Paralympics and Winter Paralympics."
36,"March 4, 2022 – Insurgency in Khyber Pakhtunkhwa: An Afghan man on behalf of the Islamic State – Khorasan Province commits a suicide attack at a Shia mosque in Peshawar, Khyber Pakhtunkhwa, Pakistan, killing 63 people."
37,"March 5, 2022 – Researchers in the Antarctic find Endurance, one of the greatest ever undiscovered shipwrecks, which sank in 1915 during Ernest Shackleton's exploration."
38,"March 7, 2022 – COVID-19 pandemic: The global death toll from COVID-19 surpasses 6 million."
39,"March 8, 2022 – The US and UK announce a ban on Russian oil, while the EU announces a two-thirds reduction in its demand for Russian gas."
40,"March 9, 2022 – 2022 South Korean presidential election: People Power Party candidate Yoon Suk-yeol is narrowly elected President of South Korea."
41,"March 9, 2022 – Russian invasion of Ukraine: Russia is condemned by world leaders following an air strike in Mariupol that destroys a hospital including a maternity and children's ward."
42,"March 10, 2022 – The National Assembly of Hungary elects former minister for Family Affairs, Katalin Novák, as president of Hungary in a 137–51 vote."
43,"March 11, 2022 – Gabriel Boric is sworn in as President of Chile. He becomes the youngest head of state in the nation's history and the first to be born during the military dictatorship of Augusto Pinochet."
44,"March 12, 2022 – 2022 Turkmenistan presidential election: Serdar Berdimuhamedow, son of former President Gurbanguly Berdimuhamedow, wins with 89% of the total votes."
45,"March 16, 2022 – Russian invasion of Ukraine: A Russian airstrike on the Mariupol Theatre in Mariupol kills an estimated 600 civilians sheltering inside."
46,"March 19, 2022 – The apostolic constitution Praedicate evangelium, reforming the Roman Curia, is promulgated by Pope Francis, coming into force on 5 June."
47,"March 21, 2022 – China Eastern Airlines Flight 5735 crashes in Guangxi, China, killing all 133 people on board."
48,"March 24, 2022 – Russian invasion of Ukraine: NATO announces that four new battlegroups totaling 40,000 troops will be deployed in Bulgaria, Hungary, Romania and Slovakia, along with enhanced readiness for potential chemical, biological, radiological and nuclear threats."
49,"March 27, 2022 – The M23 offensive begins in North Kivu, Democratic Republic of the Congo."
50,"March 29, 2022 – The Democratic Republic of the Congo is admitted to the East African Community."
51,"March 31, 2022 – Expo 2020 closes in Dubai after a 6-month run; originally scheduled for 10 April 2021, it was delayed due to the COVID-19 pandemic."
52,"April 3, 2022 – Russian invasion of Ukraine: As Russia's forces retreat from areas near Kyiv, it is accused by Ukraine of war crimes, amid mounting evidence of indiscriminate civilian killings, including the Bucha massacre."
53,"April 3, 2022 – The second round of voting of the 2022 Costa Rican general election is held, and Social Democratic Progress Party presidential candidate Rodrigo Chaves Robles is elected president."
54,"April 4, 2022 – The Intergovernmental Panel on Climate Change (IPCC) releases the third and final part of its Sixth Assessment Report on climate change, warning that greenhouse gas emissions must peak by 2025 at the latest and decline 43% by 2030, in order to limit global warming to 1.5 °C (2.7 °F)."
55,"April 6, 2022 – The first known dinosaur fossil linked to the very day of the Chicxulub impact is reported by palaeontologists."
56,"April 7, 2022 – The UN votes by 93–24 to suspend Russia from the Human Rights Council, with 58 countries abstaining."
57,"April 7, 2022 – President of Yemen Abdrabbuh Mansur Hadi resigns from office, dismisses vice president Ali Mohsen al-Ahmar, and transfers both offices' powers to the newly formed eight-member Presidential Leadership Council, chaired by Rashad al-Alimi."
58,"April 8, 2022 – Russian invasion of Ukraine: Russia is condemned by world leaders following a missile attack on Kramatorsk train station, which kills 59 civilians trying to evacuate, including seven children."
59,"April 8, 2022 – Global food prices increase to their highest level since the UN's Food Price Index began in 1990, with commodities such as wheat rising by nearly 20% as a result of the Ukraine crisis."
60,"April 11, 2022 – The National Assembly of Pakistan elects leader of the opposition Shehbaz Sharif as prime minister of Pakistan, after Imran Khan is removed from office following a motion of no confidence two days prior."
61,"April 13, 2022 – COVID-19 pandemic: The number of confirmed cases exceeds 500 million worldwide."
62,"April 14, 2022 – Russian invasion of Ukraine: The Russian flagship Moskva becomes the largest warship to be sunk in action since World War II. Ukraine claims to have struck it with Neptune anti-ship missiles, while Russia claims it sank during stormy weather after an onboard fire."
63,"April 18, 2022 – Russian invasion of Ukraine: The battle of Donbas begins, leading to the deaths of several thousand military personnel and civilians."
64,"April 19, 2022 – The second round of voting of the 2022 East Timorese presidential election is held and the National Congress for Timorese Reconstruction party presidential candidate, former president and former prime minister José Ramos-Horta is elected."
65,"April 20, 2022 – A European Southern Observatory team announce the discovery of micronovae, a new type of exploding star."
66,"April 22, 2022 – The Large Hadron Collider recommences full operations, three years after being shut down for upgrades."
67,"April 24, 2022 – The 2022 Slovenian parliamentary election is held to elect all 90 members of the National Assembly of Slovenia, the lower house of the Slovenian Parliament; the Freedom Movement party becomes the largest party, winning 41 of 90 seats."
68,"April 25, 2022 – Elon Musk reaches an agreement to acquire the social media network Twitter (which he later rebrands as X) for $44 billion USD, which later closes in October."
69,"April 27, 2022 – The European Union accuses Russia of blackmail after gas supplies to Poland and Bulgaria are halted by energy giant Gazprom."
70,"April 28, 2022 – The Parliament of Montenegro elects a new government with Dritan Abazović as prime minister, following a motion of no confidence against the government of Zdravko Krivokapić."
71,"May 6, 2022 – 2022 monkeypox outbreak: An outbreak of monkeypox begins when the first monkeypox virus case is reported in London, the United Kingdom."
72,"May 9, 2022 – Prime Minister of Sri Lanka Mahinda Rajapaksa resigns as a result of massive protests against his government across the country. He is succeeded by Ranil Wickremesinghe as prime minister three days later."
73,"May 9, 2022 – 2022 Philippine presidential election: Bongbong Marcos and Sara Duterte are elected the 17th President and 15th Vice President of the Philippines in a landslide victory."
74,"May 10, 2022 – y 14 – The Eurovision Song Contest 2022 is held in Turin, Italy. The contest is won by Ukrainian folk-rap group Kalush Orchestra with their song ""Stefania""."
75,"May 12, 2022 – The Event Horizon Telescope collaboration reveals its first image of Sagittarius A*, the supermassive black hole at the centre of the Milky Way."
76,"May 13, 2022 – Mohamed bin Zayed Al Nahyan is elected as the 3rd president of the United Arab Emirates by the Federal Supreme Council following the death of Khalifa bin Zayed Al Nahyan a day earlier."
77,"May 15, 2022 – Former President of Somalia Hassan Sheikh Mohamud is elected president again, beating President Mohamed Abdullahi Mohamed."
78,"May 16, 2022 – Russian invasion of Ukraine: The Siege of Mariupol ends in a Russian victory as Ukrainian troops are evacuated from Mariupol."
79,"May 20, 2022 – 2022 monkeypox outbreak: The World Health Organization (WHO) holds an emergency meeting to discuss the spread of monkeypox in nearly a dozen countries, as the number of reported cases reaches 100."
80,"May 21, 2022 – 2022 Australian federal election: The Labor party, led by Anthony Albanese, defeats the Liberal-National Coalition government led by Prime Minister Scott Morrison. Albanese would be sworn in on May 23."
81,"May 24, 2022 – Uvalde school shooting: 18-year-old Salvador Ramos fatally shoots 19 students and 2 teachers at Robb Elementary School."
82,"May 27, 2022 – Fiji announces that it will become the 14th member of the Indo-Pacific Economic Framework for Prosperity in order to counter Chinese influence in the Pacific. This comes amid a visit by Chinese foreign minister Wang Yi to Kiribati."
83,"May 28, 2022 – Spanish club Real Madrid beat English club Liverpool 1–0 to win the UEFA Champions League final played at the Stade de France in Paris, France."
84,"June 4, 2022 – Retired general Bajram Begaj is elected the 9th President of Albania by the parliament in the 4th round of voting."
85,"June 5, 2022 – At least 50 people are killed in a dual mass shooting-bomb attack in Owo, Nigeria."
86,"June 14, 2022 – Canada and Denmark end their competing claims for Hans Island by dividing the island roughly in half, ending what was referred to as the Whisky War."
87,"June 19, 2022 – The second round of the 2022 legislative election is held in France, resulting in a hung parliament, with President Macron's coalition losing its majority in the National Assembly. A newly-formed coalition of left-wing parties, led by far-left Jean-Luc Mélenchon, makes significant gains. Marine Le Pen's far-right National Rally also makes historic gains, increasing its number of MPs tenfold and becoming the largest opposition party in Parliament. Two weeks later, Macron's government is reshuffled, continuing as a minority administration."
88,"June 19, 2022 – The second round of the 2022 Colombian presidential election is held, and former guerrilla fighter for the 19th of April Movement and incumbent senator, Gustavo Petro, defeats businessman and former mayor of Bucaramanga, Rodolfo Hernández Suárez."
89,"June 22, 2022 – A 6.2 earthquake strikes the Durand Line between Afghanistan and Pakistan, killing at least 1,163 people."
90,"June 23, 2022 – Dickon Mitchell's party wins a majority of seats in Grenada's general election, defeating Prime Minister Keith Mitchell's party. Mitchell is appointed Prime Minister of Grenada, following Keith Mitchell's resignation on June 24."
91,"June 26, 2022 – G7 leaders gather for a summit in Germany to discuss the situation in Ukraine. A ban on imports of Russian gold is announced."
92,"June 27, 2022 – 53 migrants from Mexico, Honduras, Guatemala, and El Salvador are found dead in a tractor trailer in San Antonio, Texas, United States."
93,"June 28, 2022 – June 30 – A NATO summit is held in Madrid, Spain along with the presence of guest countries from the European Union and the Indo-Pacific primarily searching for a consensual defensive reinforcement after the Russian invasion of Ukraine and the sustained threatening over the territorial integrity of other countries."
94,"July 1, 2022 – Yair Lapid succeeds Naftali Bennett as Prime Minister of Israel, while Bennett succeeds Lapid as Alternate Prime Minister of Israel; this arrangement had been created after the 2021 Israeli legislative election, in which no party won an outright majority."
95,"July 6, 2022 – July 31 – UEFA Women's Euro 2022 is held in England, with the hosts winning their first major tournament since 1966."
96,"July 7, 2022 – July 17 – The 2022 World Games is held in Birmingham, Alabama, United States."
97,"July 7, 2022 – After revelations over his appointment of Chris Pincher as Deputy Chief Whip triggered a series of resignations from his government, UK Prime Minister Boris Johnson announces his intention to resign, triggering the July–September 2022 Conservative Party leadership election."
98,"July 8, 2022 – Former Prime Minister of Japan Shinzo Abe is assassinated while giving a public speech in the city of Nara, Japan."
99,"July 11, 2022 – The first operational image from the James Webb Space Telescope, showing the galaxy cluster SMACS 0723, is revealed to the public."
100,"July 18, 2022 – Droupadi Murmu is elected as President of India, making her the first tribal woman and youngest person to be elected to the office."
101,"July 19, 2022 – 2022 European heat waves: A series of severe heatwaves from July to August hit Europe, causing at least 53,000 deaths and additionally causing major wildfires, travel disruption, and record high temperatures in many countries."
102,"July 21, 2022 – The Parliament of Sri Lanka elects Prime Minister Ranil Wickremesinghe as President of Sri Lanka, following the resignation of Gotabaya Rajapaksa amid protests over the ongoing economic crisis."
103,"July 21, 2022 – The European Central Bank raises its key interest rate for the first time in more than 11 years, from minus 0.5 per cent to zero, with plans for further increases later in the year."
104,"July 23, 2022 – The World Health Organization (WHO) declares the recent monkeypox outbreak a Public Health Emergency of International Concern, as the number of reported cases exceeds 17,000 in 75 countries."
105,"July 27, 2022 – A 7.0 earthquake strikes the island of Luzon in the Philippines killing 11 people and injuring over 600."
106,"July 28, 2022 – gust 8 – The 2022 Commonwealth Games is held in Birmingham, England."
107,"July 31, 2022 – Ayman al-Zawahiri, the Egyptian terrorist who became the 2nd Emir of al-Qaeda after Osama bin Laden's death in 2011, is killed in an airstrike in Kabul, Afghanistan conducted by the United States' Central Intelligence Agency."
108,"August 4, 2022 – China conducts its largest ever military exercise around Taiwan in response to a controversial visit by Nancy Pelosi, the highest-ranking U.S. official to visit Taiwan since the 1990s."
109,"August 4, 2022 – The Prime Minister of Peru, Aníbal Torres, resigns following multiple criminal investigations against the President of Peru, Pedro Castillo."
110,"August 5, 2022 – August 7 – Israel launches airstrikes in the Gaza Strip, killing Islamic Jihad military leader Tayseer Jabari. Both parties agree to a ceasefire after three days of skirmish."
111,"August 6, 2022 – Terrance Drew is sworn in as prime minister of Saint Kitts and Nevis."
112,"August 9, 2022 – 2022 Kenyan general election: William Ruto is elected as Kenya's 5th president, defeating longtime opposition leader Raila Odinga. His victory is certified by the nation's election supervisory agency on August 15 amid protests and violence by Odinga supporters."
113,"August 10, 2022 – Spanish club Real Madrid beat German club Eintracht Frankfurt 2–0 to win the 2022 UEFA Super Cup played at the Olympic Stadium in Helsinki, Finland."
114,"August 12, 2022 – Indian-born British-American novelist Salman Rushdie is stabbed multiple times as he is about to give a public lecture at the Chautauqua Institution in Chautauqua, New York, United States."
115,"August 17, 2022 – Turkey and Israel agree to restore full diplomatic relations after a period of tensions."
116,"August 19, 2022 – The coalition government of Montenegrin prime minister Dritan Abazović collapses after the 81-seat Parliament of Montenegro passes a motion of no confidence in a vote of 50–1, following dispute within the coalition over an agreement the government signed with the Serbian Orthodox Church."
117,"August 27, 2022 – September 11 – The 2022 Asia Cup is held in the United Arab Emirates, and is won by Sri Lanka."
118,"August 28, 2022 – 2022 Pakistan floods: Pakistan declares a ""climate catastrophe"" and appeals for international assistance, as the death toll from recent flooding in the country exceeds 1,000, the world's deadliest flood since 2017. Several nations, alongside the UN, pledge millions in funding for aid."
119,"September 1, 2022 – The UN releases a report stating that the Chinese government's Xinjiang internment camps and treatment of Uyghurs may constitute crimes against humanity."
120,"September 2, 2022 – Russian invasion of Ukraine: The G7 economies agree to impose a price cap on Russian petroleum exports."
121,"September 5, 2022 – A 6.8 earthquake strikes Luding County in Sichuan province, China, killing 117 and injuring 424."
122,"September 6, 2022 – Liz Truss is appointed Prime Minister of the United Kingdom after winning the July–September 2022 Conservative Party leadership election."
123,"September 8, 2022 – Queen Elizabeth II of the United Kingdom and 14 other Commonwealth realms dies at Balmoral Castle in Scotland at the age of 96. Her son Charles III succeeds her as King."
124,"September 11, 2022 – The 2022 Swedish general election is held to elect all 349 seats of the Riksdag. Prime Minister Magdalena Andersson resigns after her centre-left bloc narrowly loses to a bloc of right-wing parties, 176 seats to 173; Andersson is succeeded as prime minister by Ulf Kristersson in October."
125,"September 12, 2022 – September 2022 Armenia–Azerbaijan clashes: Azerbaijan attacks Armenian positions near the cities of Vardenis, Goris, Sotk and Jermuk, and occupies certain areas of its territory along the Armenia–Azerbaijan border. Over the next few days, more than 100 Armenian soldiers are killed in the clashes, while Azerbaijan acknowledges 71 fatalities among its forces."
126,"September 14, 2022 – ptember 20 – 2022 Kyrgyzstan–Tajikistan clashes: Dozens are killed as sporadic clashes occur between Kyrgyz and Tajik troops along their countries' respective border."
127,"September 14, 2022 – ptember 25 – The Atlantic hurricane Fiona hits Guadeloupe, Puerto Rico, the Dominican Republic, the Lucayan Archipelago, Bermuda, and Eastern Canada."
128,"September 16, 2022 – Protests erupt in Iran following the death of Mahsa Amini in the custody of the country's ""morality police""."
129,"September 19, 2022 – The state funeral of Elizabeth II is held in Westminster Abbey, London. Her coffin is then taken by procession to Windsor Castle for burial with her husband, parents and sister in the King George VI Memorial Chapel. The funeral is speculated to be the most watched television event in world history."
130,"September 21, 2022 – Russian invasion of Ukraine: Following a major counteroffensive by Ukraine in the east of the country, Putin announces a partial mobilisation of Russia and threatens nuclear retaliation, saying ""this is not a bluff""."
131,"September 22, 2022 – October 1 – The 2022 FIBA Women's Basketball World Cup is held in Sydney, Australia. In the final, United States wins 83–61 against China."
132,"September 24, 2022 – The 2022 Nauruan parliamentary election was held which saw Ubenide parliament member Russ Kun be elected president by parliament."
133,"September 25, 2022 – The 2022 Italian general election is held to elect all 400 seats of the Chamber of Deputies and 200 seats of the Senate of the Republic (reduced from 630 and 215 respectively according to the outcome of the 2020 constitutional referendum). Observers commented that the results shifted the geopolitics of the European Union, following far-right gains in France, Spain, and Sweden. It was also noted that the election outcome would mark Italy's most right-wing government since 1945."
134,"September 26, 2022 – NASA's DART crashes into the asteroid Dimorphos in a first test of potential planetary defense."
135,"September 26, 2022 – The Nord Stream pipeline sabotage occurs by an unknown perpetrator off the coast of Bornholm, Denmark with explosions on two pipelines leaving them inoperable."
136,"September 27, 2022 – ptember 30 – Hurricane Ian impacts Cuba and the United States, causing catastrophic damage to both nations, killing at least 157 people, 16 missing, and leaving millions without power, including the entire nation of Cuba."
137,"September 27, 2022 – Russian occupation authorities in Ukraine claim that their annexation referendums show an overwhelming support for the annexation by Russia of the Donetsk People's Republic, the Luhansk People's Republic, and parts of Kherson Oblast and Zaporizhzhia Oblast. However, the voting is widely dismissed as a sham referendum."
138,"September 30, 2022 – Annexation of Southern and Eastern Ukraine: Russian President Vladimir Putin signs treaties absorbing the occupied regions of Donetsk, Luhansk, Kherson and Zaporizhzhia into the Russian Federation. This annexation is seen as a breach of international law by the global community."
139,"September 30, 2022 – Burkina Faso's military junta is overthrown by the country's second coup of the year, led by army captain Ibrahim Traoré."
140,"October 1, 2022 – A fatal human crush occurs during an association football match at Kanjuruhan Stadium in Malang Regency, East Java, Indonesia, killing 135 people and injuring more than 500."
141,"October 5, 2022 – OPEC+ imposes a production cut of up to 2 million barrels per day."
142,"October 8, 2022 – Russian invasion of Ukraine: An explosion occurs on the Crimean Bridge connecting Crimea and Russia, killing three and causing a partial collapse of the only road bridge between the Crimean Peninsula and the Russian mainland. Two days later, retaliatory missile strikes are conducted by Russia across Ukraine, the most widespread since the start of the invasion, notably including attacks on Kyiv."
143,"October 16, 2022 – tober 23 – The 20th National Congress of the Chinese Communist Party is held. Xi Jinping is elected as General Secretary by the Central Committee, beginning a third term as the paramount leader of China."
144,"October 20, 2022 – After 45 days in office, Liz Truss announced her resignation as leader of the Conservative Party and her intention to resign as prime minister of the United Kingdom."
145,"October 25, 2022 – Amid a government crisis, Rishi Sunak becomes Prime Minister of the United Kingdom, following the resignation of Liz Truss the previous week resulting in a 50-day tenure."
146,"October 28, 2022 – Elon Musk completes his $44 billion acquisition of Twitter."
147,"October 28, 2022 – Sam Matekane is sworn in as Prime Minister of Lesotho after securing a victory in the 7 October elections."
148,"October 29, 2022 – At least 158 people are killed and another 197 injured in a crowd crush during Halloween festivities in Seoul, South Korea."
149,"October 29, 2022 – A double car bombing by al-Shabaab in Mogadishu, Somalia kills at least 121 people and injures around 300."
150,"October 29, 2022 – Russian invasion of Ukraine: In response to an alleged Ukrainian drone attack against the Black Sea Fleet, Russia withdraw from a U.N.-brokered deal on the shipment of grain, which had brought down soaring global food prices."
151,"October 30, 2022 – 2022 Brazilian general election: Luiz Inácio Lula da Silva defeats incumbent Jair Bolsonaro in a runoff election after neither candidate secured a majority in the first round of voting. Lula da Silva is the first president elected three times, and also the oldest one, at 77."
152,"October 30, 2022 – The collapse of a suspension bridge in Gujarat, India, leaves at least 135 dead."
153,"November 1, 2022 – 2022 Israeli legislative election: A bloc of right-wing and far-right political parties led by former Prime Minister Benjamin Netanyahu wins a 64-seat majority (out of 120), allowing him to be sworn in as Prime Minister of Israel for a third time in December."
154,"November 1, 2022 – 2022 Danish general election: A bloc of left-leaning political parties wins a narrow one-seat majority of 90 seats. Incumbent Prime Minister Mette Frederiksen's second government takes office, in December not using the left-leaning majority but instead consisting of Venstre and the Moderates."
155,"November 2, 2022 – vember 3 – Tigray War: The Ethiopian government and the TPLF agree to a formal cessation of hostilities, signing a peace agreement in Pretoria, South Africa."
156,"November 6, 2022 – vember 18 – The 2022 United Nations Climate Change Conference (COP27) on climate change mitigation takes place in Sharm el-Sheikh, Egypt."
157,"November 11, 2022 – The cryptocurrency exchange FTX, once valued at $18 billion, files for Chapter 11 bankruptcy, in a collapse that affects the cryptocurrency environment."
158,"November 11, 2022 – Russian invasion of Ukraine: Ukrainian forces recapture Kherson, the only regional capital to be taken by Russia since the start of the war."
159,"November 15, 2022 – The world population reaches 8 billion."
160,"November 15, 2022 – The 2022 G20 Bali summit in Bali, Indonesia takes place."
161,"November 16, 2022 – NASA launches Artemis 1, the first uncrewed mission of its Space Launch System, the most powerful rocket ever to reach orbit. The onboard Orion capsule orbits the Moon before returning to Earth, as a demonstration of planned human missions."
162,"November 19, 2022 – The 2022 Malaysian general election results in a hung parliament, which is the first in the country's history. Long-time opposition leader Anwar Ibrahim is appointed by Yang di-Pertuan Agong Abdullah as prime minister five days later to break the political deadlock and form a unity government."
163,"November 19, 2022 – vember 26 – The 2022 Central American and Caribbean Beach Games are held in Santa Marta, Colombia."
164,"November 20, 2022 – cember 18 – The 2022 FIFA World Cup is held in Qatar and won by Argentina."
165,"November 20, 2022 – 2022 Nepalese general election: The Nepali Congress, led by Prime Minister Sher Bahadur Deuba, emerged as the largest party with 89 seats, but the governing bloc falls short of the majority by two seats, leading into likely coalition government."
166,"November 21, 2022 – A 5.6 earthquake strikes near Cianjur in West Java, Indonesia, killing 635 people and injuring 7,700 more."
167,"November 30, 2022 – OpenAI releases ChatGPT, an artificial intelligence chatbot able to answer questions and write essays."
168,"December 2, 2022 – The G7 and Australia join the EU in imposing a cap of $60 a barrel on Russian crude oil, designed to ""prevent Russia from profiting from its war of aggression against Ukraine."""
169,"December 5, 2022 – The National Ignition Facility achieves fusion ignition, a major milestone in the development of nuclear fusion power."
170,"December 7, 2022 – The Congress of Peru removes President Pedro Castillo from office and arrests him after he tries to dissolve congress in a coup attempt, Vice President Dina Boluarte succeeds him."
171,"December 7, 2022 – After substantial protests against China's Zero-COVID policies, the Chinese government eases on its COVID restrictions."
172,"December 17, 2022 – Leo Varadkar succeeds Micheál Martin as Taoiseach (Prime Minister) of Ireland, as part of a rotation agreement made in 2020."
173,"December 18, 2022 – Argentina wins the 2022 FIFA World Cup against runners-up France."
174,"December 19, 2022 – At the UN Biodiversity Conference (COP15), nearly 200 countries agree a landmark deal to protect a third of the planet for nature by 2030."
175,"December 21, 2022 – cember 26 – A major winter storm hits the northern United States and southern Canada. Killing at least 91 people, the storm also severely disrupts North American air traffic, with Southwest Airlines alone canceling more than half of its schedule."
176,"December 24, 2022 – 2022 Fijian general election: The Parliament of Fiji elects Sitiveni Rabuka as Prime Minister of Fiji, defeating incumbent Prime Minister Frank Bainimarama after a contentious election."
177,"December 29, 2022 – Brazilian football legend Pelé dies at the age of 82, with his funeral being held at the Vila Belmiro stadium in Santos."
178,"December 31, 2022 – Former Pope Benedict XVI dies at the age of 95, with his funeral being held in St. Peter's Square, presided over by Pope Francis and Cardinal Giovanni Battista Re."
179,"December 7, 2022 – The world population was estimated to have reached 8 billion on 15 November 2022, 11 years after it reached 7 billion. China was the most populous country throughout the year, followed by India. Africa was the fastest growing continent."
180,"January 1, 2023 – Croatia adopts the euro and joins the Schengen Area, becoming the 20th member state of the Eurozone and the 27th member of the Schengen Area. This is the first enlargement of the Eurozone since Lithuania's entry in 2015, and the first enlargement of the Schengen Area since Liechtenstein's entry in 2011."
181,"January 5, 2023 – The funeral of Pope Benedict XVI is held at St. Peter's Square in the Vatican City. The funeral was attended by an estimated 50,000 people."
182,"January 8, 2023 – The 2023 Beninese parliamentary election is held, with the Progressive Union for Renewal party winning a plurality of seats."
183,"January 8, 2023 – Following the 2022 Brazilian general election and the inauguration of Lula da Silva as president of Brazil, supporters of former Brazilian president Jair Bolsonaro storm the Brazilian National Congress, the Supreme Federal Court and the Presidential Palace of Planalto."
184,"January 9, 2023 – Juliaca massacre: At least 18 people are killed and over 100 others are injured when the Peruvian National Police fire upon demonstrations in Juliaca."
185,"January 10, 2023 – – A cold snap in Afghanistan kills 166 people and nearly 80,000 livestock."
186,"January 15, 2023 – Yeti Airlines Flight 691 crashes during final approach into Pokhara, Nepal, killing all 72 people on board."
187,"January 16, 2023 – Tigray War: Amharan Special Forces withdraw from the Tigray Region in line with an African Union-backed peace agreement between the Ethiopian government and the Tigray People's Liberation Front."
188,"January 17, 2023 – Nguyễn Xuân Phúc resigns as President of Vietnam amid several recent scandals in the government."
189,"January 18, 2023 – A helicopter crash in Brovary near Kyiv, Ukraine kills 14 people including Ukrainian Minister of Internal Affairs Denys Monastyrsky."
190,"January 20, 2023 – The Parliament of Trinidad and Tobago elects former senate president, minister and lawyer Christine Kangaloo as president in a 48–22 vote."
191,"January 21, 2023 – Burkina Faso requests French forces to withdraw from its territory after suspending a military accord that allowed the presence of French troops in the country."
192,"January 21, 2023 – Tigray War: Eritrean forces withdraw from Shire and other major towns in the Tigray Region of Ethiopia."
193,"January 25, 2023 – Chris Hipkins succeeds Jacinda Ardern as Prime Minister of New Zealand, six days after she announced her resignation."
194,"January 27, 2023 – Widespread unrest erupts in Israel following an Israeli military raid in Jenin the previous day which killed nine Palestinians. Incendiary air balloons are launched into Israeli-populated areas following it. Israel responds with targeted airstrikes. Later the same day, seven Jewish civilians are killed in a synagogue in Neve Yaakov in a terrorist attack."
195,"January 27, 2023 – – The second round of the 2023 Czech presidential election is held, with Petr Pavel declared winner."
196,"January 30, 2023 – A Jamaat-ul-Ahrar suicide bombing inside a mosque in Peshawar, Khyber Pakhtunkhwa, Pakistan, kills 84 people and injures over 220 others."
197,"January 30, 2023 – Prime Minister of Fiji Sitiveni Rabuka confirms that Kiribati will rejoin the Pacific Islands Forum after leaving the organization the previous year."
198,"February 1, 2023 – Lebanese liquidity crisis: The central bank of Lebanon devalues the Lebanese pound by 90% amid an ongoing financial crisis."
199,"February 2, 2023 – Israel and Sudan announce the finalization of an agreement to normalize relations between the two countries."
200,"February 2, 2023 – The European Central Bank and Bank of England raise their interest rates by 0.5 percentage points to combat inflation, one day after the US Federal Reserve raises its federal funds rate by 0.25 percentage points."
201,"February 3, 2023 – The US announces it is tracking alleged Chinese spy balloons over the Americas, later announcing that the balloons did not collect any information. One balloon drifts from Yukon to South Carolina before being shot down the next day, and a second hovers over Colombia and Brazil. This event is followed by subsequent detections and shootdowns of high-altitude objects elsewhere."
202,"February 3, 2023 – A Norfolk Southern train carrying hazardous materials derails in East Palestine, Ohio. Multiple train cars burn for more than two days, followed by emergency crews conducting a controlled burn of several additional cars, releasing hydrogen chloride and phosgene into the atmosphere."
203,"February 5, 2023 – The 2023 Cypriot presidential election is held, with Nikos Christodoulides elected president."
204,"February 5, 2023 – Cyclone Freddy forms in the Indian Ocean. It would become the longest lasting tropical cyclone in history and cause over 1,400 deaths and countless injuries and property damage across southeastern Africa."
205,"February 6, 2023 – A 7.8 Mww earthquake strikes southern and central Turkey and northern and western Syria followed by a 7.7 Mww  aftershock on the same day, causing widespread damage and at more than 59,000 fatalities and 121,000 injured."
206,"February 13, 2023 – The 2023 Bangladeshi presidential election scheduled for 19 February is held, with Shahabuddin Chuppu of the Awami League, the only nominated candidate, elected unopposed."
207,"February 14, 2023 – The European Parliament approves a ban on the sale of new petrol and diesel vehicles in the European Union from 2035, citing the need to combat climate change in Europe and promote electric vehicles."
208,"February 16, 2023 – Lawmakers in the Russian State Duma vote to withdraw Russia from 21 conventions of the Council of Europe."
209,"February 17, 2023 – The South African Navy hosts a ten-day joint military exercise in the Indian Ocean with Russia and China."
210,"February 19, 2023 – Libyan Crisis: The African Union announces the organization of a peace conference to address the instability in Libya."
211,"February 21, 2023 – Vladimir Putin announces that Russia is suspending its participation in New START, a nuclear arms reduction treaty with the US."
212,"February 23, 2023 – Oman opens its airspace to Israeli airlines for the first time, in an upgrade of bilateral relations."
213,"February 25, 2023 – 2023 Nigerian general election: Bola Tinubu is elected as Nigeria's president, defeating former vice president Atiku Abubakar and Peter Obi."
214,"February 27, 2023 – The United Kingdom and the European Union reach an agreement surrounding modifications to the Northern Ireland Protocol."
215,"February 28, 2023 – A train crash in Thessaly, Greece, kills 57 people and injures dozens. The crash leads to nationwide protests and strikes against the condition of Greek railways and their mismanagement."
216,"March 2, 2023 – The National Assembly of Vietnam declares Võ Văn Thưởng as the country's new president after receiving 98.38% votes from the Vietnamese parliament."
217,"March 3, 2023 – A mass shooting at Club Oasis in West Point, Mississippi, leaves 1 dead and 12 injured."
218,"March 4, 2023 – UN member states agree on a legal framework for the High Seas Treaty, which aims to protect 30% of the world's oceans by 2030."
219,"March 4, 2023 – Kivu conflict: Burundi deploys 100 troops to the Democratic Republic of the Congo to help fight insurgencies by militias, including M23."
220,"March 5, 2023 – The 2023 Estonian parliamentary election is held, with two centre-right liberal parties gaining an absolute majority for the first time."
221,"March 8, 2023 – – The 2023 World Baseball Classic is held in, and won by, Japan."
222,"March 8, 2023 – Allied Democratic Forces jihadist insurgents use machetes to kill about 35 people in the village of Mukondi, North Kivu, Democratic Republic of the Congo."
223,"March 10, 2023 – The 2023 Chinese presidential election is held with the National People's Congress unanimously re-electing Xi Jinping as the President of the People's Republic of China to an unprecedented third term."
224,"March 10, 2023 – Iran and Saudi Arabia agree to resume diplomatic relations which were severed in 2016, at talks mediated by China."
225,"March 10, 2023 – Silicon Valley Bank, the 16th largest bank in the United States, fails, creating then the largest bank failure since the 2008 financial crisis, affecting companies around the world."
226,"March 10, 2023 – Kivu conflict: Angola announces the deployment of troops to the Democratic Republic of the Congo, following the failure of a ceasefire between government forces and M23 rebels in North Kivu."
227,"March 14, 2023 – OpenAI launches GPT-4, a large language model for ChatGPT, which can respond to images and can process up to 25,000 words."
228,"March 17, 2023 – The International Criminal Court issues an arrest warrant for Russian president Vladimir Putin and Maria Lvova-Belova, Russian Commissioner for Children's Rights, marking the first arrest warrant against a leader of a permanent member of the United Nations Security Council."
229,"March 19, 2023 – In a deal brokered by the Swiss government, investment bank UBS agrees to buy Credit Suisse for CHF 3 billion (US$3.2 billion) in an all-stock deal."
230,"March 20, 2023 – The Intergovernmental Panel on Climate Change (IPCC) releases the synthesis report of its Sixth Assessment Report on climate change."
231,"March 23, 2023 – World Athletics, the global governing body for athletics, bans trans women who have gone through male puberty from competing in female events."
232,"March 24, 2023 – – A tornado outbreak kills at least 26 people in Mississippi and Alabama. This includes a violent tornado which devastated the city of Rolling Fork and the town of Silver City in Mississippi, killing 16 people and injuring 165 others."
233,"March 26, 2023 – Honduras switches its formal diplomatic recognition of ""China"" from the Republic of China to the People's Republic of China."
234,"March 26, 2023 – 2023 Israeli judicial reform protests: Large-scale spontaneous protests erupt across Israel in the wake of Prime Minister Benjamin Netanyahu firing his defense minister who criticized the government's judicial overhaul plan."
235,"March 29, 2023 – Brazil and China sign an agreement to trade in their own currencies, ceasing the usage of the United States dollar as an intermediary."
236,"March 29, 2023 – Burkina Faso formally resumes diplomatic relations with North Korea after suspending them in 2017."
237,"March 30, 2023 – The International Court of Justice rules that the United States violated its Treaty of Amity with Iran when it allowed its domestic courts to freeze assets held by Iranian companies."
238,"March 31, 2023 – April 1 – A historic and widespread tornado outbreak occurs in the United States, killing 33 people, injuring more than 218 others, and caused over $5.4 billion in damage. This tornado outbreak produced 147 tornadoes, making it the third largest tornado outbreak in history."
239,"April 2, 2023 – The 2023 Bulgarian parliamentary election results in a GERB—SDS–PP–DB coalition government headed by Nikolai Denkov as prime minister, and ends two years of political deadlock."
240,"April 2, 2023 – The 2023 Montenegrin presidential election is held, with Jakov Milatović of the Europe Now! movement winning in the second round, becoming the first president not from the DPS party since the introduction of a multi-party system in 1990."
241,"April 2, 2023 – The 2023 Finnish parliamentary election is held, with the centre-right National Coalition led by Petteri Orpo receiving the most votes."
242,"April 2, 2023 – The 2023 Andorran parliamentary election is held, with the ruling Democrats for Andorra led by Prime Minister Xavier Espot winning the majority of the seats."
243,"April 4, 2023 – Finland becomes the 31st member of NATO, doubling the alliance's border with Russia."
244,"April 5, 2023 – Clashes between Palestinians and the Israeli police happen at Al-Aqsa Mosque in Jerusalem."
245,"April 10, 2023 – Two document leaks from the Pentagon detailing foreign military aid relating to the Russian invasion of Ukraine are leaked onto the Internet."
246,"April 11, 2023 – Myanmar civil war: In the village of Pazigyi, at least 165 people are killed by the Myanmar Air Force during the opening celebrations of a People's Defence Force administration office."
247,"April 14, 2023 – Jupiter Icy Moons Explorer (JUICE) is launched by the European Space Agency (ESA) to search for life in the Jovian system, with an expected arrival date of 2031."
248,"April 15, 2023 – Nuclear power in Germany ends after 50 years, with the closure of the final power plants."
249,"April 15, 2023 – Fighting breaks out across Sudan between the Sudanese Armed Forces and the paramilitary Rapid Support Forces. The RSF captures Khartoum International Airport, and the presidential palace in Khartoum."
250,"April 19, 2023 – At least 90 people are killed and another 322 injured in a crowd crush during a Ramadan charity event in Sanaa, Yemen."
251,"April 20, 2023 – SpaceX's Starship rocket, the largest and most powerful rocket ever built, launches for the first time in a test flight from Texas. It explodes four minutes after launch."
252,"April 21, 2023 – The Global Fellowship of Confessing Anglicans, representing a majority of the global Anglican population, reject the leadership of Archbishop of Canterbury Justin Welby as the head of global Anglicanism over his support for same-sex marriage."
253,"April 25, 2023 – A mass cult suicide is uncovered in Shakahola forest in Kenya. 429 followers of the Good News International Ministries are found in shallow graves throughout the forest, with over 613 people missing."
254,"April 29, 2023 – The 2023 Niuean general election is held and incumbent Dalton Tagelagi is re-elected as Premier of Niue."
255,"April 30, 2023 – The 2023 Paraguayan general election is held, with the Colorado Party candidate Santiago Peña being the president-elect of Paraguay, winning in a plurality."
256,"April 30, 2023 – The second round of the 2023 French Polynesian legislative election is held; the Tāvini Huiraʻatira party wins a majority of seats. Moetai Brotherson, Tāvini Huiraʻatira's deputy leader, is elected President of French Polynesia."
257,"May 1, 2023 – 2023 banking crisis: San Francisco-based First Republic Bank fails and is auctioned off by the US FDIC to JPMorgan Chase for $10.7 billion. The collapse surpasses March's collapse of Silicon Valley Bank to become the second largest in US history."
258,"May 3, 2023 – A school shooting occurs in Belgrade, Serbia. A second mass murder occurs the next day near Mladenovac and Smederevo. These events leave 19 people dead, causing the government to increase regulations on gun ownership and mass anti-government protests to begin."
259,"May 4, 2023 – A series of floods and landslides strikes villages in the eastern Democratic Republic of the Congo, resulting in over 400 deaths."
260,"May 5, 2023 – The World Health Organization ends its declaration of COVID-19 being a global health emergency, but continues to refer to it as a pandemic."
261,"May 6, 2023 – The coronation of Charles III and Camilla as King and Queen of the United Kingdom and the other Commonwealth realms is held in Westminster Abbey, London."
262,"May 7, 2023 – Syria is readmitted into the Arab League after being suspended since 2011."
263,"May 9, 2023 – Cyclone Mocha forms in the Indian Ocean, killing over 400 people and injuring over 700 as it strikes Myanmar and Bangladesh."
264,"May 9, 2023 – – The Eurovision Song Contest 2023 is held in Liverpool, UK. Swedish contestant Loreen wins with the song ""Tattoo""."
265,"May 11, 2023 – The World Health Organization ends its declaration of mpox being a global health emergency."
266,"May 14, 2023 – The 2023 Thai general election is held, with pro-democratic parties such as the Move Forward and Pheu Thai parties gaining a majority of seats in the House of Representatives while pro-military parties such as Palang Pracharat lost seats."
267,"May 14, 2023 – The 49th G7 summit takes place in Hiroshima, Japan. Ukrainian president Volodymyr Zelenskyy arrives in Japan on the second day of the summit."
268,"May 21, 2023 – The May 2023 Greek legislative election is held; the ruling New Democracy wins a plurality of seats in the Hellenic Parliament. Just days later, incumbent prime minister Kyriakos Mitsotakis called for another snap election to be held in June."
269,"May 21, 2023 – The 2023 East Timorese parliamentary election is held; with the National Congress for Timorese Reconstruction and Fretilin parties receiving the most votes. Xanana Gusmão is elected Prime Minister of East Timor."
270,"May 24, 2023 – Canada and Saudi Arabia agree to restore full diplomatic relations after a breakdown in relations in 2018 over the assassination of Jamal Khashoggi."
271,"May 25, 2023 – Russia and Belarus sign an agreement in Minsk allowing the stationing of Russian tactical nuclear weapons on Belarusian territory."
272,"May 27, 2023 – The second round of the 2023 Mauritanian parliamentary election is held; with the ruling El Insaf Party receiving the most votes."
273,"May 28, 2023 – The second round of the 2023 Turkish presidential election is held; Recep Tayyip Erdoğan defeats Kemal Kılıçdaroğlu with 52.18% of the vote to win a third term as president."
274,"May 31, 2023 – The 2023 Latvian presidential election is held; Edgars Rinkēvičs is elected the President of Latvia."
275,"June 2, 2023 – A train collision in Odisha, India results in at least 296 deaths and more than 1,200 others injured."
276,"June 6, 2023 – The 2023 Kuwaiti general election is held; following the annulment of the results of the 2022 snap elections by the Constitutional Court. 38 members retained their seats from the annulled 2022 session, while two returned from the dissolved 2020 session. Ten new MPs were elected for the first time."
277,"June 6, 2023 – Russian invasion of Ukraine: The Nova Kakhovka dam in the Russian-controlled region of Kherson is destroyed, threatening the region with devastating floodwaters."
278,"June 6, 2023 – Due to smoke from wildfires in Canada, New York City in the United States is declared to have the worst air quality out of any city in the world."
279,"June 11, 2023 – Honduras opens its first embassy in Beijing, China, after breaking off relations with Taiwan in March."
280,"June 12, 2023 – Eritrea rejoins the Intergovernmental Authority on Development trade bloc after suspending its membership in 2007."
281,"June 13, 2023 – At least 106 people are killed when a wedding boat capsizes on the Niger River in Kwara State, Nigeria."
282,"June 14, 2023 – Scientists report the creation of the first synthetic human embryo from stem cells, without the need for sperm or egg cells."
283,"June 14, 2023 – At least 82 people die and 500 are reported missing after a boat carrying migrants capsizes off the coast of the Peloponnese."
284,"June 18, 2023 – Titan submersible implosion: All five crew members of Titan, a deep-sea submersible exploring the wreck of the Titanic, are killed following a catastrophic implosion of the vessel."
285,"June 19, 2023 – The United Nations General Assembly unanimously adopts the High Seas Treaty, the first treaty aimed towards marine conservation in international waters."
286,"June 19, 2023 – Qatar and the United Arab Emirates announce that they will restore diplomatic relations after relations were suspended during the Qatar diplomatic crisis."
287,"June 20, 2023 – At least 46 people are killed after a riot between MS-13 and Barrio 18 gang members at a women's prison near Tegucigalpa, Honduras."
288,"June 23, 2023 – Russian invasion of Ukraine: The Wagner Group, led by Yevgeny Prigozhin, begins an armed conflict with the Russian military, seizing the city of Rostov-on-Don and portions of the Voronezh Oblast before withdrawing the next day, after a peace agreement brokered by Belarusian President Alexander Lukashenko."
289,"June 25, 2023 – The June 2023 Greek legislative election is held; Kyriakos Mitsotakis becomes prime minister after his centre-right party, New Democracy, wins a majority of seats in the Greek parliament."
290,"June 28, 2023 – The 2023 Sierra Leonean general election is held; Julius Maada Bio of the Sierra Leone People's Party is re-elected president."
291,"June 30, 2023 – The United Nations Security Council votes unanimously to end MINUSMA, its peacekeeping mission in Mali."
292,"July 3, 2023 – Indian oil refiners start payments for Russian oil imports in Chinese yuan as an alternative to the US dollar due to increasing sanctions against Russia."
293,"July 3, 2023 – In the largest incursion by Israel into the West Bank since the Second Intifada, the Israeli military deploys ground forces and armed drones into the Jenin camp, killing 13 and injuring more than 100. An attack claimed by Hamas as retaliation for the incursion, occurs in Tel Aviv the following day, injuring nine."
294,"July 4, 2023 – Iran joins the Shanghai Cooperation Organisation, becoming the organization's ninth member."
295,"July 8, 2023 – In the Netherlands, the governing coalition collapses and Prime Minister Mark Rutte announces his upcoming resignation."
296,"July 9, 2023 – The 2023 Uzbek presidential election is held; Shavkat Mirziyoyev is re-elected president of Uzbekistan."
297,"July 9, 2023 – New Zealand signs a free trade agreement with the European Union, increasing bilateral trade."
298,"July 10, 2023 – China and the Solomon Islands sign a cooperation agreement between the People's Police and the Royal Solomon Islands Police Force in an upgrade of bilateral relations."
299,"July 10, 2023 – The European Commission and the U.S. government sign a new data communication agreement aimed at resolving legal uncertainties that European and American companies face when transferring personal data."
300,"July 13, 2023 – Pita Limjaroenrat fails to become Prime Minister of Thailand in a National Assembly vote after forming a coalition with pro-democracy parties following the 2023 Thai general election."
301,"July 14, 2023 – SAG-AFTRA announces it will begin a strike against the major film and TV studios in protest of low compensation, ownership of work, and generative AI."
302,"July 19, 2023 – Typhoon Doksuri forms in the eastern Pacific Ocean, going on to kill 137 people in Southeast Asia."
303,"July 20, 2023 – gust 20 – The 2023 FIFA Women's World Cup is held in Australia and New Zealand. In the final, Spain wins 1–0 against England."
304,"July 20, 2023 – Bolivia and Iran sign a memorandum of understanding, in an upgrade of bilateral relations, expanding cooperation in the security and defense sectors."
305,"July 21, 2023 – The films Barbie and Oppenheimer open, while being paired as a major internet and cultural event, Barbenheimer."
306,"July 23, 2023 – 2023 Greece wildfires: Tens of thousands of tourists flee Rhodes, Greece, amid wildfires and a major heatwave, in what officials say is the largest evacuation in the country's history."
307,"July 23, 2023 – Danish cyclist Jonas Vingegaard wins the Tour de France for the second consecutive time."
308,"July 23, 2023 – The 2023 Cambodian general election is held, with the dominant Cambodian People's Party retaining control of every seat in the National Assembly."
309,"July 23, 2023 – The 2023 Spanish general election is held, with the People's Party becoming the largest party in the Congress of Deputies."
310,"July 26, 2023 – President Mohamed Bazoum of Niger is toppled in a coup d'état after members of his presidential guard and the armed forces seize control of the country and install General Abdourahamane Tchiani as leader of a military junta."
311,"July 30, 2023 – 63 people are killed and over 200 are injured after a suicide bombing occurs in Khar, Pakistan; the Islamic State – Khorasan Province claims responsibility for the attack."
312,"August 1, 2023 – Global warming: The world's oceans reach a new record high temperature of 20.96 °C (69.73 °F), exceeding the previous record in 2016. July is also the hottest month on record for globally averaged surface air temperatures by a considerable margin (0.3 °C (32.5 °F))."
313,"August 8, 2023 – 2023 Hawaii wildfires: 17,000 acres of land are burned and at least 101 people are killed, with two others missing, when a series of wildfires break out on the island of Maui in Hawaii."
314,"August 10, 2023 – Tapestry, the holding company of Coach New York and Kate Spade, announces it will acquire Michael Kors' Capri Holdings, which also owns Versace and Jimmy Choo."
315,"August 16, 2023 – – Hurricane Hilary, a Category 4 Pacific Hurricane, strikes the Baja California peninsula and later Southern California, the region's first in 84 years."
316,"August 18, 2023 – American–Japanese–Korean trilateral pact: The United States, Japan, and South Korea agree to sign a trilateral pact."
317,"August 20, 2023 – 2023 Guatemalan presidential election: After two rounds of voting, Bernardo Arévalo of Semilla is elected with 58% of the vote."
318,"August 21, 2023 – 2023 Canadian wildfires: 68% of the Northwest Territories are forced to evacuate to other parts of the country due to wildfires."
319,"August 21, 2023 – Saudi Arabia is accused of mass killing hundreds of African migrants attempting to cross its border with Yemen."
320,"August 23, 2023 – India's Chandrayaan-3 becomes the first spacecraft to land near the south pole of the Moon, carrying a lunar lander named Vikram and a lunar rover named Pragyan."
321,"August 23, 2023 – Wagner Group leader Yevgeny Prigozhin, founder Dmitry Utkin and eight others are killed when their plane crashes in Russia."
322,"August 30, 2023 – Following the announcement of incumbent president Ali Bongo Ondimba's reelection as President of Gabon after the 2023 presidential election, the military launches a successful coup d'état and creates the Committee for the Transition and Restoration of Institutions to govern the country, ending the rule of the Bongo family after 56 years in power."
323,"August 31, 2023 – 2023 Johannesburg building fire: 77 people are killed and more than 85 are injured in a fire in a building that had been taken over by gangs who rented it out to squatters."
324,"September 1, 2023 – 2023 Singaporean presidential election: Economist and former deputy prime minister Tharman Shanmugaratnam is elected president with a vote share of over 70%."
325,"September 2, 2023 – The Indian Space Research Organisation (ISRO) successfully launches Aditya-L1, India's first solar observation mission."
326,"September 8, 2023 – tober 28 – The 2023 Rugby World Cup is held in France. South Africa beat New Zealand 12–11 in the final at the Stade de France, claiming their 4th Rugby World Cup title."
327,"8 September, 2023 – 2023 Marrakesh–Safi earthquake: A 6.9 magnitude earthquake strikes Marrakesh–Safi province in western Morocco, killing at least 2,960 people and damaging historic buildings."
328,"September 9, 2023 – At the 18th G20 summit in New Delhi, the African Union is announced as the 21st permanent member of the G20."
329,"September 10, 2023 – Storm Daniel, a Mediterranean tropical-like cyclone kills at least 5,000 people, with a further 10,000 to 100,000 reported missing. In the city of Derna in Libya, two dams collapse, resulting in a quarter of the city being destroyed."
330,"September 14, 2023 – The European Central Bank (ECB) raises eurozone interest rates to an all-time high of 4%, amid ongoing inflationary pressures across the continent."
331,"September 15, 2023 – The United Auto Workers (UAW) begin a strike against the three largest American automakers, namely Ford, General Motors, and Stellantis."
332,"September 19, 2023 – Nagorno-Karabakh conflict: Azerbaijan launches a military offensive against the Armenia-backed Republic of Artsakh, which ends with a swift Azerbaijani victory. Protests erupt in Armenia, Artsakh announces the dissolution of government institutions, and over 100,000 ethnic Armenians flee Nagorno-Karabakh."
333,"September 20, 2023 – Archaeologists in Zambia find the world's oldest wooden structure, dating back 476,000 years, consisting of two interlocking wooden logs connected by a notch securing one perpendicular to the other."
334,"September 21, 2023 – Rupert Murdoch announces his retirement and passes his businesses on to his son Lachlan. Murdoch led News Corp and Fox, and formerly Sky Group."
335,"September 24, 2023 – 2023 Nigerien crisis: French President Emmanuel Macron announces that France will end its military presence in Niger and will recall its ambassador from the country."
336,"September 25, 2023 – An estimated 170 people are killed and over 300 are injured during a explosion at a gas station in Stepanakert, Nagorno-Karabakh."
337,"September 30, 2023 – 2023 Slovak parliamentary election: Smer, under the leadership of former prime minister Robert Fico, wins a plurality of seats in the National Council."
338,"October 3, 2023 – Elected on January 8, Kevin McCarthy is removed as Speaker of the United States House of Representatives, with Mike Johnson being elected new Speaker on October 25."
339,"October 3, 2023 – Sam Bankman-Fried, an American entrepreneur and founder of cryptocurrency exchange company FTX, is put on trial and later convicted on seven charges of fraud and conspiracy. His sentencing is scheduled for March 28, 2024."
340,"October 7, 2023 – 2023 Israel–Hamas war: Hamas launches an incursion into southern Israel from the Gaza Strip, killing more than 1,100 Israelis and taking about 240 hostages, prompting a military response from the Israel Defense Forces. Israel launches numerous air strikes on Lebanon after rockets are fired by Hezbollah and further attempts are made to penetrate Israel."
341,"October 7, 2023 – A series of earthquakes occur in Herat Province in Afghanistan, killing over 1,000 people and injuring nearly 2,000, with tremors felt in Iran and Turkmenistan. The earthquakes are the deadliest in the country since 1998."
342,"October 8, 2023 – Israel's Security Cabinet formally declares war for the first time since the Yom Kippur War in 1973."
343,"October 11, 2023 – ExxonMobil announces it will acquire Pioneer Natural Resources for $65 billion USD, the first of two major energy industry acquisitions of the month. The second occurs less than two weeks later on 23 October, where Hess announces it will be acquired by Chevron for $50 billion."
344,"October 13, 2023 – After British regulators' approval, Microsoft closes its $68.7 billion USD acquisition of Activision Blizzard."
345,"October 14, 2023 – 2023 Australian Indigenous Voice referendum: A majority of Australians vote against establishing an Aboriginal and Torres Strait Islander Voice in the constitution."
346,"October 14, 2023 – 2023 New Zealand general election: The National Party wins a plurality of seats under leader Christopher Luxon, while the Labour Party suffers the worst result for an incumbent ruling party in modern New Zealand history."
347,"October 15, 2023 – In the second round of the 2023 Ecuadorian general election, Daniel Noboa of the National Democratic Action is elected as the youngest-ever President of Ecuador."
348,"October 15, 2023 – 2023 Polish parliamentary election: The Law and Justice party wins the most seats, but loses its majority, with its incumbent president Mateusz Morawiecki being succeeded by the Civic Platform party's Donald Tusk on 13 December."
349,"October 17, 2023 – An explosion occurs at the Al-Ahli Arab Hospital, where displaced Palestinians are taking refuge. Many fatalities are reported, but estimates vary significantly, from 100 to as many as 471, depending on the source."
350,"October 22, 2023 – 2023 Swiss federal election: The Swiss People's Party retains its majority in the National Council."
351,"October 25, 2023 – Hurricane Otis, an eastern Pacific tropical cyclone, makes landfall in Mexico near Acapulco, leaving at least 80 dead. It is the most powerful hurricane to make landfall in Mexico, with the highest winds reaching 165 mph, surpassing Hurricane Patricia's landfall in 2015."
352,"October 31, 2023 – Israel intercepted a Yemeni Houthi ballistic missile with its Arrow 2 missile defense system. The interception occurred above Earth's atmosphere above the Negev Desert, making it the first instance of space combat in history."
353,"November 1, 2023 – The first AI Safety Summit takes place in the United Kingdom, with 28 countries signing a ""world first agreement"" on how to manage the riskiest forms of artificial intelligence."
354,"November 2, 2023 – The Beatles release ""Now and Then"", the band's last ever song, featuring restored vocals by John Lennon (1940–1980), as well as guitar tracks by George Harrison (1943–2001)."
355,"November 6, 2023 – 2023 Israel–Hamas war: The death toll in Gaza is reported to have passed 10,000. United Nations Secretary General António Guterres calls for a humanitarian ceasefire to increase the flow of aid to civilians."
356,"November 7, 2023 – The Portuguese Prime Minister António Costa announces his pending resignation. The President of Portugal decides to dissolve the parliament and call for early elections to be held on 10 March 2024."
357,"November 9, 2023 – U.S. surgeons at NYU Langone Health announce the world's first whole eye transplant."
358,"November 10, 2023 – In the Falepili Union treaty, Australia grants ""special"" freedom of movement and defence rights to Tuvaluans for residence and employment for climate reasons."
359,"November 14, 2023 – – President Biden hosts the APEC summit in San Francisco which Chinese president Xi Jinping attends. Both countries at the conclusion of the summit agree to re-open suspended channels of military communications and to cooperate in their fight against climate change."
360,"November 17, 2023 – The global average temperature temporarily exceeds 2 °C above the pre-industrial average for the first time in recorded history."
361,"November 19, 2023 – Australia defeats India and wins the 2023 Cricket World Cup."
362,"November 19, 2023 – 2023 Argentine presidential election: Following the first round on 22 October 2023, Javier Milei wins in the second round of the 2023 Argentine presidential election, assuming office on 10 December with Victoria Villarruel as his vice president."
363,"November 22, 2023 – Israel and Hamas agree to a four-day ceasefire, the first pause in fighting since 7 October, during which many Israeli hostages will be released, in exchange for Palestinian prisoners."
364,"November 22, 2023 – 2023 Dutch general election: Far-right Geert Wilders' Party for Freedom (PVV) wins the most seats."
365,"November 24, 2023 – Somalia is admitted as the eighth member of the East African Community, having applied for membership in 2012."
366,"November 26, 2023 – The Junior Eurovision Song Contest 2023 is held in Nice, France. France wins the competition with the song ""Cœur"" (""Heart""), performed by Zoé Clauzure."
367,"November 30, 2023 – Brazil announces it will join OPEC+ at a meeting of the organization to discuss oil output strategy in 2024. Brazil is the largest oil producer in South America, producing 4.6 million barrels per day of oil and gas."
368,"December 3, 2023 – 2023 Guyana–Venezuela crisis: Venezuela votes in a symbolic referendum on whether voters agreed with creating a subdivision in the disputed territory of Guayana Esequiba currently under the control of neighboring Guyana. Analysts say the referendum's practical implications are likely to be minimal."
369,"December 6, 2023 – Google DeepMind releases the Gemini Language Model. Gemini will act as a foundational model integrated into Google's existing tools, including Search and Bard."
370,"December 10, 2023 – – 2023 Egyptian presidential election: Incumbent President Abdel Fattah el-Sisi wins a third term with 89.6 percent of the vote in the election."
371,"December 12, 2023 – At the COP28 climate summit in Dubai, a consensus is reached for countries to ""transition away"" from fossil fuels, the first such agreement in the conference's 30-year history. The transition is specifically for energy systems, excluding plastics, transport or agriculture."
372,"December 16, 2023 – Emir of Kuwait Nawaf Al-Ahmad Al-Jaber Al-Sabah dies at the age of 86 and is succeeded by his half-brother Mishal Al-Ahmad Al-Jaber Al-Sabah."
373,"December 17, 2023 – The 2023 Serbian parliamentary election is held, with the SNS coalition, led by Miloš Vučević, winning 128 of 250 seats in the Serbian National Assembly."
374,"December 18, 2023 – A number of shipping companies announce a temporary suspension of their operations in the Red Sea due to continued attacks on vessels by Houthi rebels."
375,"December 20, 2023 – 2023 Democratic Republic of the Congo general election: Incumbent President Félix Tshisekedi wins re-election, defeating two major challengers."
376,"December 21, 2023 – The European Court of Justice rules that threats by FIFA and UEFA to sanction football clubs that wish to join the European Super League are unlawful."
377,"December 21, 2023 – The deadliest mass shooting in the Czech Republic's history occurs at a Prague university, with 15 killed and 25 others wounded."
378,"December 22, 2023 – 2023 Israel–Hamas war: The death toll in Gaza is reported to have passed 20,000, almost 1 percent of its population and surpassing the casualties in the 1948 Arab–Israeli War."
379,"December 29, 2023 – Russian invasion of Ukraine: Russia launches the largest wave of drones and missiles on Ukrainian cities since the start of the war in a overnight assault, killing at least 39 people and injuring at least 160 others. Ukraine launches a drone assault the following day, killing at least 21 people, including three children, and injuring 110 others, including 17 children."
380,"December 31, 2023 – Queen Margrethe II of Denmark announces her abdication effective January 14, 2024, after 52 years on the throne."
381,"December 21, 2023 – The world population on January 1, 2023 was estimated at 7.943 billion people, and was expected to increase to 8.119 billion on January 1, 2024. An estimated 134.3 million births and 60.8 million deaths were expected to take place in 2023. The average global life expectancy was 73.16 years, an increase of 0.18 years from 2022. The rate of child mortality was by the end of the year, expected to have decreased from 2022. Less than 23% of people were living in extreme poverty (on or below the international poverty line), a decrease from 2022. In April, India surpassed China as the most populated country in the world."
382,"December 21, 2023 – The best-selling video game in 2023 was Hogwarts Legacy."
383,"December 21, 2023 – The highest-grossing movie in 2023 was Barbie."
384,"December 21, 2023 – The best-selling book in 2023 was It Ends with Us, which was published in 2016. Of the books to be published in 2023, Spare was the best-selling."
385,"January 1, 2024 – Egypt, Ethiopia, Iran and the United Arab Emirates become BRICS members."
386,"January 1, 2024 – The Republic of Artsakh is formally dissolved as Nagorno-Karabakh unifies with Azerbaijan."
387,"January 1, 2024 – A 7.5 Mww earthquake strikes the western coast of Japan, killing at least 244 people and injuring 1,297 others. A further five are killed the next day when a Coast Guard aircraft carrying humanitarian aid collides with a Japan Airlines passenger jet, destroying both aircraft. All 379 people aboard the passenger jet are evacuated safely."
388,"January 1, 2024 – Ethiopia announces an agreement with Somaliland to use the port of Berbera. Ethiopia also says that it will eventually recognize Somaliland's independence, becoming the first country to do so."
389,"January 2, 2024 – 2023 Marshallese general election: The Legislature of the Marshall Islands elects Hilda Heine as President for a second non-consecutive term during its first session following the general election."
390,"January 3, 2024 – 2024 Kerman bombings: An Islamic State double bombing kills 94 people during a memorial event commemorating the assassination of Qasem Soleimani in Kerman, Iran. The bombing was carried out using two briefcase bombs placed at the entrance that were detonated remotely."
391,"January 7, 2024 – 2024 Bangladeshi general election: The Awami League, led by incumbent Sheikh Hasina, wins a fourth consecutive term amid protests by opposition parties and a large drop in voter turnout."
392,"January 8, 2024 – 2024 conflict in Ecuador: Ecuadorian President Daniel Noboa declares a state of emergency following the escape of Los Choneros drug cartel leader José Adolfo Macías Villamar from prison. The military was deployed onto the streets and into prisons, while setting a national nighttime curfew."
393,"January 11, 2024 – Riots break out throughout Papua New Guinea after an alleged rounding error causes pay cuts in police officers and soldiers."
394,"January 12, 2024 – Operation Prosperity Guardian: A U.S.-led coalition launches air strikes at Houthi militant locations in Yemen, marking a retaliation to the Houthis' attacks on ships in the Red Sea."
395,"January 13, 2024 – 2024 Taiwanese presidential election: Lai Ching-te of the ruling Democratic Progressive Party wins with 40% of the vote."
396,"January 14, 2024 – Margrethe II formally abdicates as Queen of Denmark on the 52nd anniversary of her accession, with her eldest son Frederik succeeding her as King Frederik X."
397,"January 14, 2024 – 2024 Comorian presidential election: Amid an opposition boycott, incumbent president Azali Assoumani wins re-election with 62.9% of the vote and only 16.3% voter turnout."
398,"January 15, 2024 – Following a brief political crisis in the aftermath of the 2023 elections, Bernardo Arévalo is inaugurated as the 52nd President of Guatemala."
399,"January 19, 2024 – Japan becomes the fifth country to achieve a soft landing on the Moon, with its SLIM mission."
400,"January 24, 2024 – 2024 Korochansky Ilyushin Il-76 crash: A Russian Ilyushin Il-76 military transport plane carrying (according to Russia) 65 Ukrainian prisoners of war, six crew members and three guards crashes in Russia's Korochansky District, near the Ukrainian border, killing everybody on board."
401,"January 26, 2024 – Israel–Hamas war: The UN's International Court of Justice rules that Israel must take all measures to prevent genocidal acts in Gaza, but stops short of ordering an immediate halt to operations."
402,"January 26, 2024 – 2024 Tuvaluan general election: Kausea Natano, the incumbent Prime Minister of Tuvalu, loses reelection to Parliament. A month later, Feleti Teo was elected prime minister."
403,"January 31, 2024 – Sultan of Johor Ibrahim Iskandar ascends to the throne as the 17th Yang di-Pertuan Agong of Malaysia."
404,"February 2, 2024 – The US launches airstrikes on 85 targets in Iraq and Syria in response to a deadly drone attack on a US military base."
405,"February 4, 2024 – President of Namibia Hage Geingob dies at the age of 82, and is succeeded by his vice-president Nangolo Mbumba."
406,"February 4, 2024 – 2024 Salvadoran general election: Incumbent President Nayib Bukele wins the election with over 80% of the vote, becoming the first president to be reelected in El Salvador since 1944."
407,"February 6, 2024 – Former President of Chile Sebastián Piñera dies in a helicopter crash at the age of 74."
408,"February 7, 2024 – 2024 Azerbaijani presidential election: Amid an opposition boycott, President Ilham Aliyev is reelected to a fifth term."
409,"February 8, 2024 – 2024 Pakistani general election: Independent politicians, most of whom are members of the banned political party Pakistan Tehreek-e-Insaf, win a plurality of seats in the National Assembly."
410,"February 11, 2024 – 2024 Finnish presidential election: In the closest presidential election in Finnish history, Alexander Stubb is elected president in the second round."
411,"February 14, 2024 – 2024 Indonesian general election: Prabowo Subianto wins the presidential election, and the Democratic Party of Struggle wins the most votes in the legislative election."
412,"February 14, 2024 – 2024 Indonesian general election: Prabowo Subianto wins the presidential election, and the Democratic Party of Struggle wins the most votes in the legislative election."
413,"February 22, 2024 – American company Intuitive Machines' Nova-C lander becomes the first commercial vehicle to land on the Moon."
414,"February 28, 2024 – 2024 Haitian jailbreak: A state of emergency is declared by the Haitian government after gangs storm two prisons and demand the resignation of Prime Minister Ariel Henry."
415,"February 29, 2024 – Israel–Hamas war: Soldiers of the Israel Defense Forces open fire on a crowd of civilians in Gaza City, killing more than a hundred people, as the Palestinian casualties of the war exceed 30,000."
416,"March 7, 2024 – As the final Nordic country to join the alliance, Sweden officially joins NATO, becoming its 32nd member after Finland a year earlier."
417,"March 7, 2024 – 287 students are abducted by gunmen from a government-owned school in Kaduna State, Nigeria. They are released on March 24."
418,"March 10, 2024 – 2024 Portuguese legislative election: The Democratic Alliance wins a plurality of seats and forms a minority government amid losses by the incumbent Socialist Party and major gains by the right-wing Chega party."
419,"March 11, 2024 – Haitian acting Prime Minister and President Ariel Henry announces his pending resignation from both offices amid an ongoing crisis marked by gang warfare in the country."
420,"March 13, 2024 – The Artificial Intelligence Act, the world's first comprehensive legal and regulatory framework for artificial intelligence, is passed by the European Union."
421,"March 15, 2024 – – 2024 Russian presidential election: Incumbent Vladimir Putin is re-elected for a fifth term."
422,"March 22, 2024 – Islamic State-affiliated gunmen attack concertgoers at Crocus City Hall in Krasnogorsk, Russia, killing at least 144 people and injuring 551."
423,"March 24, 2024 – 2024 Senegalese presidential election: Bassirou Diomaye Faye is elected president after his party and its former candidate Ousmane Sonko were disqualified."
424,"March 25, 2024 – The UN Security Council passes a resolution calling for an ""immediate ceasefire"" in Gaza and demanding the immediate and unconditional release of all hostages."
425,"March 26, 2024 – A container ship collides with the Francis Scott Key Bridge in Baltimore, Maryland, United States,  causing a total collapse of the bridge and the deaths of six people."
426,"March 31, 2024 – Bulgaria and Romania become members of the Schengen Area through sea and air routes."
427,"April 3, 2024 – A powerful earthquake with a magnitude of 7.4 strikes off the eastern coast of Taiwan, with small tsunamis reaching heights of 20–30 cm (7.9–11.8 in) hitting Okinawa Prefecture, Japan."
428,"5 April, 2024 – Ecuadorian police raid the Mexican embassy in Quito in order to arrest former vice-president Jorge Glas who had been granted political asylum by Mexico. This action violated the Vienna Convention on Diplomatic Relations, and the Mexican and Nicaraguan governments break off diplomatic relations with Ecuador."
429,"April 6, 2024 – Peter Pellegrini is elected President of Slovakia in the second round of the 2024 Slovak presidential election."
430,"April 8, 2024 – The total solar eclipse of April 8, 2024."
431,"April 10, 2024 – 2024 South Korean legislative election."
432,"April 17, 2024 – 2024 Solomon Islands general election."
433,"April 17, 2024 – 2024 Croatian parliamentary election."
434,"April 19, 2024 – June 1 – 2024 Indian general election."
435,"April 24, 2024 – 2024 North Macedonian presidential election."
436,"May 5, 2024 – 2024 Panamanian general election."
437,"May 7, 2024 – – Eurovision Song Contest 2024 in Malmö, Sweden."
438,"May 8, 2024 – 2024 North Macedonian parliamentary election."
439,"May 12, 2024 – 2024 Lithuanian presidential election."
440,"May 19, 2024 – 2024 Dominican Republic general election."
441,"May 29, 2024 – 2024 South African general election."
442,"June 1, 2024 – 2024 Icelandic presidential election."
443,"June 1, 2024 – – 2024 ICC Men's T20 World Cup."
444,"June 2, 2024 – 2024 Mexican general election."
445,"June 6, 2024 – – 2024 European Parliament election."
446,"June 9, 2024 – 2024 Belgian general election."
447,"June 22, 2024 – 2024 Mauritanian presidential election."
448,"March 7, 2024 – June 28 - 2024 Mongolian parliamentary election."
449,"July 15, 2024 – – 2024 Rwandan general election."
450,"July 26, 2024 – August 11 – 2024 Summer Olympics in Paris, France."
451,"July 28, 2024 – 2024 Venezuelan presidential election."
452,"August 17, 2024 – Nusantara will become the new capital of Indonesia, replacing Jakarta."
453,"September 7, 2024 – 2024 Algerian presidential election."
454,"October 6, 2024 – 2024 Brazilian municipal elections, on which citizens capable of voting will vote on mayors and councilors for municipalities on which they can vote."
455,"October 9, 2024 – 2024 Mozambican general election."
456,"October 13, 2024 – 2024 Lithuanian parliamentary election."
457,"October 27, 2024 – 2024 Uruguayan general election."
458,"November 5, 2024 – 2024 United States presidential election"
459,"November 12, 2024 – 2024 Palauan general election."
460,"November 13, 2024 – 2024 Somaliland presidential election."
461,"December 7, 2024 – 2024 Ghanaian general election."
462,"December 17, 2024 – Assuming the next United Kingdom general election has not already taken place, the Parliament elected in 2019 will automatically be dissolved, with the next general election taking place no later than January 28, 2025."
463,"June, 2024 – 2024 Sri Lankan presidential election."
464,"September, 2024 – 2024 ICC Women's T20 World Cup."
465,"October, 2024 – 2024 Botswana general election."
466,"October, 2024 – 2024 Chadian presidential election."
467,"October, 2024 – 2024 Georgian parliamentary election."
468,"October, 2024 – 2024 Georgian presidential election."
469,"November, 2024 – 2024 Namibian general election."
470,"November, 2024 – 2024 Romanian presidential election."
471,"November, 2024 – Lee Hsien Loong, Prime Minister of Singapore since 2004, is expected to hand over power to his deputy prime minister Lawrence Wong, ahead of the next general election in 2025."
472,"December, 2024 – 2024 Croatian presidential election."
